<?xml version="1.0" encoding="utf-8"?>
<style title="damme.vn V2" description="" user_selectable="1">
  <properties>
    <property property_name="html" property_type="css"><![CDATA[{"background-color":"rgb(255, 255, 255)","background-position":"0 0","background-repeat":"repeat-x","extra":"min-width: 960px;\noverflow-y: scroll !important;"}]]></property>
    <property property_name="pageWidth" property_type="css"><![CDATA[{"margin-all":"auto","width":"960px"}]]></property>
    <property property_name="body" property_type="css"><![CDATA[{"color":"@contentText","extra":"background-image: url(\"styles\/xensplash\/style\/bg_design0212021.jpg\");\n    background-position: 50% 0;\n    background-repeat: no-repeat;\n    color: #141414;\n    line-height: 1.6;\n    word-wrap: break-word;","font-family":"'Helvetica Neue','Lucida Grande',tahoma"}]]></property>
    <property property_name="nodeTitle" property_type="css"><![CDATA[{"font-size":"12pt"}]]></property>
    <property property_name="categoryStripTitle" property_type="css"><![CDATA[{"color":"rgb(18, 110, 152)","font-size":"12pt"}]]></property>
    <property property_name="content" property_type="css"><![CDATA[{"background-color":"rgb(255, 255, 255)","padding-bottom":"5px","padding-left":"10px","padding-right":"10px","padding-top":"5px"}]]></property>
    <property property_name="sectionMain" property_type="css"><![CDATA[{"background-color":"rgb(255, 255, 255)","border-color":"rgb(255, 255, 255)","border-radius":"10px","border-style":"solid","border-width":"1px","margin-bottom":"10px","margin-left":"0","margin-right":"0","margin-top":"10px","padding-all":"0"}]]></property>
    <property property_name="secondaryContent" property_type="css"><![CDATA[{"background-color":"rgb(253, 254, 255)","border-color":"rgb(214, 240, 255)","border-style":"solid","border-width":"1px","padding-all":"10px"}]]></property>
    <property property_name="nodeLastPost" property_type="css"><![CDATA[{"border-color":"#D6F0FF","border-radius":"3px","border-style":"none","border-width":"1px","extra":"position: absolute;\ntop: 0;\nright: 0;\nline-height: 14px;\nwhite-space: nowrap;\nword-wrap: normal;\noverflow: hidden;","font-size":"11px","height":"28px","margin-all":"10px","padding-bottom":"3px","padding-left":"10px","padding-right":"10px","padding-top":"3px","width":"210px"}]]></property>
    <property property_name="nodeIconForumUnread" property_type="css"><![CDATA[{"background-image":"@imagePath\/xenforo\/node-sprite.png","background-position":"-50px 0","background-repeat":"no-repeat"}]]></property>
    <property property_name="nodeIconPage" property_type="css"><![CDATA[{"background-image":"@imagePath\/xenforo\/node-sprite.png","background-position":"-72px 0","background-repeat":"no-repeat"}]]></property>
    <property property_name="nodeIcon" property_type="css"><![CDATA[{"extra":"float: left;","height":"30px","margin-bottom":"10px","margin-left":"10px","margin-right":"0","margin-top":"10px","width":"50px"}]]></property>
    <property property_name="nodeText" property_type="css"><![CDATA[{"margin-bottom":"10px","margin-left":"74px","margin-right":"270px","margin-top":"10px"}]]></property>
    <property property_name="nodeTinyIcon" property_type="css"><![CDATA[{"background-color":"transparent","background-image":"@imagePath\/xenforo\/xenforo-ui-sprite.png","background-position":"-112px -16px","background-repeat":"no-repeat","extra":"display: block;\nwhite-space: nowrap;\ntext-indent: 9999px;\noverflow: hidden;\nopacity: 0.25;","height":"14px","margin-bottom":"1px","margin-left":"4px","margin-right":"4px","margin-top":"1px","width":"14px"}]]></property>
    <property property_name="footer" property_type="css"><![CDATA[{"background-color":"@primaryMedium","border-bottom-left-radius":"5px","border-bottom-right-radius":"5px","color":"@primaryLighter","extra":"overflow: hidden;\nzoom: 1;","font-size":"11px","height":"40px"}]]></property>
    <property property_name="footerLink" property_type="css"><![CDATA[{"color":"@textCtrlBackground","extra":"display: block;","padding-bottom":"5px","padding-left":"5px","padding-right":"5px","padding-top":"10px"}]]></property>
    <property property_name="headerLogoHeight" property_type="scalar"><![CDATA[120px]]></property>
    <property property_name="header" property_type="css"><![CDATA[[]]]></property>
    <property property_name="navTabs" property_type="css"><![CDATA[{"background-image":"styles\/xensplash\/style\/nav_main.png","background-position":"100% 0","background-repeat":"repeat-y","font-size":"12px","height":"46px"}]]></property>
    <property property_name="headerTabHeight" property_type="scalar"><![CDATA[46px]]></property>
    <property property_name="sidebar" property_type="css"><![CDATA[{"extra":"float: right;","font-size":"11px","width":"320px"}]]></property>
    <property property_name="messageShowCustomFields" property_type="scalar"><![CDATA[1]]></property>
    <property property_name="messageShowRegisterDate" property_type="scalar"><![CDATA[0]]></property>
    <property property_name="messageShowMessageCount" property_type="scalar"><![CDATA[1]]></property>
    <property property_name="messageShowTotalLikes" property_type="scalar"><![CDATA[1]]></property>
    <property property_name="messageShowTrophyPoints" property_type="scalar"><![CDATA[1]]></property>
    <property property_name="messageShowGender" property_type="scalar"><![CDATA[1]]></property>
    <property property_name="messageShowLocation" property_type="scalar"><![CDATA[1]]></property>
  </properties>
  <templates>
    <template title="breadcrumb.css" addon_id="XenForo" version_id="1010270" version_string="1.1.2"><![CDATA[.breadBoxTop, .breadBoxBottom {
    clear: both;
    margin: 0 -5px;
    overflow: hidden;
    padding: 10px 5px;
}
.breadBoxTop {
}
.breadBoxTop .topCtrl {
    float: right;
    line-height: 24px;
    margin-left: 5px;
}
.breadcrumb {
    background: url("styles/xensplash/xenforo/gradients/category-23px-light.png") repeat-x scroll center top #FDFEFF;
    border: 1px solid #96BBCF;
    border-radius: 5px 5px 5px 5px;
    font-size: 11px;
    overflow: hidden;
}
.breadcrumb .boardTitle {
    display: none;
}
.breadcrumb .crust {
    display: block;
    float: left;
    position: relative;
}
.breadcrumb .crust a.crumb {
    background-color: #FDFEFF;
    border-bottom: 1px solid #96BBCF;
    display: block;
    line-height: 34px;
    margin-bottom: -1px;
    outline: 0 none;
    padding: 0 10px 0 20px;
    text-decoration: none;
}
.breadcrumb .crust:first-child a.crumb {
    border-bottom-left-radius: 4px;
    border-top-left-radius: 4px;
    padding-left: 10px;
}
.breadcrumb .crust:last-child a.crumb {
    font-weight: bold;
}
.breadcrumb .crust .arrow {
    -moz-border-bottom-colors: none;
    -moz-border-image: none;
    -moz-border-left-colors: none;
    -moz-border-right-colors: none;
    -moz-border-top-colors: none;
    border-color: transparent black transparent #96BBCF;
    border-style: solid none solid solid;
    border-width: 17px 1px 17px 12px;
    display: block;
    height: 0;
    position: absolute;
    right: -12px;
    top: 0;
    width: 0;
    z-index: 50;
}
.breadcrumb .crust .arrow span {
    -moz-border-bottom-colors: none;
    -moz-border-image: none;
    -moz-border-left-colors: none;
    -moz-border-right-colors: none;
    -moz-border-top-colors: none;
    border-color: transparent black transparent #FDFEFF;
    border-style: solid none solid solid;
    border-width: 17px 1px 17px 12px;
    display: block;
    height: 0;
    left: -13px;
    overflow: hidden;
    position: absolute;
    text-indent: 9999px;
    top: -17px;
    white-space: nowrap;
    width: 0;
    z-index: 51;
}
.breadcrumb .crust:hover a.crumb {
    background-color: #EFF9FC;
}
.breadcrumb .crust:hover .arrow span {
    border-left-color: #EFF9FC;
}
.breadcrumb .crust .arrow {
}
.breadcrumb .jumpMenuTrigger {
    background: url("styles/xensplash/xenforo/widgets/quicknav.png") no-repeat scroll 0 0 transparent;
    display: block;
    float: right;
    height: 13px;
    margin: 10px;
    overflow: hidden;
    text-indent: 9999px;
    white-space: nowrap;
    width: 13px;
}]]></template>
    <template title="discussion_list.css" addon_id="XenForo" version_id="1010270" version_string="1.1.2"><![CDATA[.discussionList
{
	position: relative;
	zoom: 1;
}

/** column style and width **/

.discussionList .sectionHeaders,
.discussionListItem
{
	display: table;
	table-layout: fixed;
	width: 100%;
	word-wrap: normal;
}

	.discussionList .sectionHeaders dt,
	.discussionList .sectionHeaders dd,
	.discussionListItem .listBlock
	{
		display: table-cell;
		vertical-align: middle;
	}
	
		.discussionList .posterAvatar
		{
			width: {xen:property discussionListAvatarWidth};
		}
		
		.discussionList .main
		{
			width: auto;
		}

			.discussionList .sectionHeaders .main .postDate
			{
				text-align: right;
			}
		
		.discussionList .stats
		{
			width: {xen:property discussionListStatsWidth};
		}
			
			.discussionList .sectionHeaders .stats .minor
			{
				text-align: right;
			}
		
		.discussionList .lastPost
		{
			width: {xen:property discussionListLastPostWidth};
			text-align: right;
			overflow: hidden;
		}
		
		.discussionList .statsLastPost /* combined last two columns */
		{
			width: {xen:calc '{xen:property discussionListStatsWidth} + {xen:property discussionListLastPostWidth}'}px;
		}
	

/* column headers */

.discussionList .sectionHeaders
{	
    -moz-border-bottom-colors: none;
    -moz-border-image: none;
    -moz-border-left-colors: none;
    -moz-border-right-colors: none;
    -moz-border-top-colors: none;
    background-color: #EFF9FC;
    border-color: #C3DCEB #C3DCEB #B9DCF1;
    border-style: solid;
    border-width: 1px;
    color: #03446D;
    font-size: 11px;
    margin: 3px auto 0;
    padding: 0;
}

	.discussionList .sectionHeaders dt span
	{
		display: none !important;
	}
		
	.discussionList .sectionHeaders a
	{
    color: #03446D;
    display: block;
    outline: medium none;
	}
	
	.discussionList .sectionHeaders a:hover
	{
		text-decoration: none;
	}
			
	.discussionList .sectionHeaders dd a[href]:hover
	{
    background-color: #C3DCEB;
    text-decoration: none;
	}
		
	.discussionList .sectionHeaders .main a,
	.discussionList .sectionHeaders .stats a
	{
		float: left;
		width: 50%;
		white-space: nowrap;
	}
	
		.discussionList .sectionHeaders a span
		{
			{xen:property subHeading.padding}
			display: block;
		}
		
/** IE <8 **/
.discussionList .sectionHeaders,
.discussionListItem                { *display: block; _vertical-align: bottom; }
.discussionList .sectionHeaders dt,
.discussionList .sectionHeaders dd,
.discussionListItem .listBlock     { *display: block; *float: left; }
.discussionListItem .listBlock     { _height: 52px; *min-height: 52px; } /* todo: should be calculation */
.discussionList .posterAvatar      { *width: 6.98%; }
.discussionListItem .posterAvatar  { *font-size: 0; }	
.discussionList .main              { *width: 56.98%; }
.discussionList .stats             { *width: 15.97%; }	
.discussionList .lastPost          { *width: 19.97%; }
.discussionList .statsLastPost     { *width: 35.97%; }
.discussionList .sectionHeaders dt,
.discussionList .sectionHeaders dd { *padding: 5px 0; }
.discussionList .sectionHeaders a,
.discussionList .sectionHeaders a span { *display: inline !important; *float: none !important; }

/* items in thread list */

.discussionListItems
{
}



	
/* individual thread list item */
	
/** main **/

.discussionListItem
{
    background-color: #FFFFFF;
    border-bottom: 1px solid #D6F0FF;
}





	/* sections, section widths */
	
		.discussionListItem .posterAvatar,		
		.discussionListItem .stats
		{
			{xen:property secondaryContent.background}
		}
		
		.discussionListItem .main,
		.discussionListItem .lastPost
		{
		}
		
		
		
		
		
		
		
		
	/* avatar section */
	
	.discussionListItem .posterAvatar .avatarContainer
	{
		display: block;
		position: relative;
	}
	
	.discussionListItem .posterAvatar .avatar
	{
		{xen:property discussionListAvatar}
		
		width: auto;
		height: auto;
	}
	
		.discussionListItem .posterAvatar .avatar img
		{
			width: {xen:property discussionListAvatar.width};
			height: {xen:property discussionListAvatar.height};
			display: block;
		}
		
		.discussionListItem .posterAvatar .miniMe
		{
			{xen:property discussionListMiniMe}
		}
		
			.discussionListItem .posterAvatar .miniMe img
			{
				{xen:property discussionListMiniMeImg}				
			}		
		
		
	/* title, poster section */
	
	.discussionListItem .titleText
	{
		padding: 5px;
		overflow: hidden; zoom: 1;
		position: relative;
	}
	
		/* unread indicator */
		
		.LoggedIn .discussionListItem .titleText
		{			
			padding-left: 20px;
		}
		
		.LoggedIn .discussionListItem .unreadLink,
		.LoggedIn .discussionListItem .ReadToggle
		{
			display: block;
			width: 10px;
			height: 10px;
			
			position: absolute;
			left: 5px;
			top: 10px;
			
			background: url('{xen:property imagePath}/xenforo/xenforo-ui-sprite.png') no-repeat 10000px 0;
			
			white-space: nowrap;
			overflow: hidden;
			text-indent: 9999px;
		}
		
			.LoggedIn .discussionListItem .unreadLink,
			.LoggedIn .discussionListItem.unread .ReadToggle
			{
				background-position: -5px -42px;
			}
		
			.LoggedIn .discussionListItem .ReadToggle:hover
			{
				background-position: -25px -42px;
			}
	
		/* first row */
	
		.discussionListItem .title {
    float: left;
    font-size: 11pt;
    line-height: 18px;
}
.discussionListItems .unread .title a {
    font-weight: bold;
}
.discussionListItem .iconKey span {
    background: url("styles/xensplash/xenforo/xenforo-ui-sprite.png") no-repeat scroll 10000px 0 transparent;
    float: right;
    height: 16px;
    margin-left: 5px;
    text-indent: -10000em;
    width: 16px;
}
.discussionListItem .iconKey .sticky {
    background-position: 0 -16px;
}
.discussionListItem .iconKey .locked {
    background-position: -16px -16px;
}
.discussionListItem .iconKey .moderated {
    background-position: -32px -16px;
}
.discussionListItem .iconKey .redirect {
    background-position: -48px -16px;
}
.discussionListItem .iconKey .new {
    background-position: -64px -16px;
}
.discussionListItem .secondRow {
    clear: both;
    font-size: 11px;
}
.discussionListItem .secondRow .controls {
    float: right;
    padding-left: 20px;
}
.discussionListItem.AjaxProgress .controls {
    background: url("styles/xensplash/xenforo/widgets/ajaxload.info_B4B4DC_facebook.gif") no-repeat scroll left center transparent;
}
.discussionListItem .posterDate {
    float: left;
}
.discussionListItem .stats dl {
    border-left: 1px solid #D6F0FF;
    border-right: 1px solid #D6F0FF;
    padding: 0 10px;
}
.discussionListItem .stats .major {
    font-size: 11pt;
    line-height: 18px;
    margin-top: 5px;
}
.discussionListItem .stats .minor {
    font-size: 11px;
    margin-bottom: 5px;
}
.discussionListItem .lastPostInfo {
    padding: 5px;
}
.discussionListItem .lastPostInfo .username {
    font-size: 11pt;
    line-height: 18px;
}
.discussionListItems .unread .lastPostInfo .username {
    font-weight: bold;
}
.discussionListItem .lastPostInfo .dateTime {
    font-size: 11px;
}
.discussionListItem .noteRow {
    background-color: #FFFFFF;
    color: #126E98;
    font-size: 11px;
    padding: 5px;
    text-align: center;
}
.discussionList .discussionListItem.deleted {
}
.discussionList .discussionListItem.deleted .avatar img {
    opacity: 0.5;
}
.discussionList .discussionListItem.deleted .deletionNote {
    color: #960000;
    float: left;
}
.discussionList .discussionListItem.moderated .listBlock {
    background-color: #FFFFFF;
}
.discussionListItem.InlineModChecked, .discussionListItem.InlineModChecked .posterAvatar, .discussionListItem.InlineModChecked .main, .discussionListItem.InlineModChecked .stats, .discussionListItem.InlineModChecked .lastPost, .discussionListItem.deleted.InlineModChecked, .discussionListItem.moderated.InlineModChecked {
    background: url("styles/xensplash/xenforo/gradients/category-23px-light.png") repeat-x scroll center top #FFFFC8;
}
.discussionList .sectionFooter {
    overflow: hidden;
}
.discussionList .sectionFooter .contentSummary {
    display: block;
    float: left;
}
.DiscussionListOptions {
    border: 1px solid #96BBCF;
    border-radius: 5px 5px 5px 5px;
    line-height: 20px;
    margin: 10px auto;
    overflow: hidden;
}
.hasJs .DiscussionListOptions {
    display: none;
}
.DiscussionListOptions dl, .DiscussionListOptions .controlGroup {
    float: left;
    margin-right: 10px;
    overflow: hidden;
}
.DiscussionListOptions dt {
    float: left;
}
.DiscussionListOptions dd {
    margin-left: 120px;
}
.DiscussionListOptions .buttonGroup {
    float: right;
}
.DiscussionListOptions .buttonGroup input {
    min-width: 75px;
}
#DiscussionListOptionsHandle {
    bottom: -17px;
    left: 0;
    line-height: 16px;
    position: absolute;
    text-align: center;
    width: 100%;
}
#DiscussionListOptionsHandle a {
    -moz-border-bottom-colors: none;
    -moz-border-image: none;
    -moz-border-left-colors: none;
    -moz-border-right-colors: none;
    -moz-border-top-colors: none;
    background-color: #FFFFFF;
    border-bottom-left-radius: 10px;
    border-bottom-right-radius: 10px;
    border-color: black #D6F0FF #D6F0FF;
    border-right: 1px solid #D6F0FF;
    border-style: none solid solid;
    border-width: 1px;
    color: #126E98;
    display: block;
    font-size: 11px;
    margin: 0 auto;
    outline: 0 none;
    width: 180px;
}
.discussionListItem .itemPageNav {
    visibility: hidden;
}
.discussionListItem:hover .itemPageNav, .Touch .discussionListItem .itemPageNav {
    visibility: visible;
}
.itemPageNav a, .itemPageNav span {
    border-radius: 3px 3px 3px 3px;
    display: inline-block;
    font-size: 9px;
    padding: 0 3px;
    text-align: center;
}
.itemPageNav a {
    background: url("styles/xensplash/xenforo/gradients/category-23px-light.png") repeat-x scroll 0 0 #EFF9FC;
    border: 1px solid #C3DCEB;
    color: #3F708F;
}
.itemPageNav a:hover {
    background-color: #C3DCEB;
    border-color: #B9DCF1;
    color: #3F708F;
    text-decoration: none;
}
.discussionListFilters {
    font-size: 11px;
    overflow: hidden;
}
.discussionListFilters .filtersHeading {
    color: #285E8D;
    float: left;
    font-weight: bold;
    margin-right: 5px;
}
.discussionListFilters .removeFilter, .discussionListFilters .removeAllFilters {
    background: url("styles/xensplash/xenforo/gradients/form-button-white-25px.png") repeat-x scroll center top #D6F0FF;
    border: 1px solid #D6F0FF;
    border-radius: 5px 5px 5px 5px;
    color: #126E98;
    padding: 2px 10px;
}
.discussionListFilters .gadget {
    color: #285E8D;
    font-weight: bold;
    margin-left: 3px;
}
.discussionListFilters .removeFilter:hover, .discussionListFilters .removeAllFilters:hover {
    background-color: #FDFEFF;
    box-shadow: 1px 1px 5px rgba(0, 0, 0, 0.15);
    color: #969696;
    text-decoration: none;
}
.discussionListFilters .pairsInline dt {
    display: none;
}
.discussionListFilters .filterPairs {
    float: left;
}
.discussionListFilters .removeAll {
    float: right;
}
.discussionListFilters .removeAllFilters {
    padding: 2px 6px;
}]]></template>
    <template title="EXTRA.css" addon_id="XenForo" version_id="1010270" version_string="1.1.2"><![CDATA[/* Textlink footer */
.quangcao {
float: left;
border: 0;
margin-left: 200px;
}

/* search colours and position */
#QuickSearch {
    background: none repeat scroll 0 0 #125269 !important;
    padding-bottom: 5px;
    top: -38px !important;
}
#QuickSearchQuery {
    background: none repeat scroll 0 0 #154C60;
    border: medium none;
    color: #FFFFFF !important;
}
#QuickSearch .formPopup {
    background: none repeat scroll 0 0 transparent;

/* Online status*/
.UserOnline
    {
        font-weight: bold;
        font-size: 10px;
        color: #ffffff;
        background: #66cc00;
        padding: 1px 5px;
        margin: -5px -5px 5px 5px;
        border: 1px solid #006600;
        border-radius: 3px;
        border-top-right-radius: 0px;
        display: block;
        float: right;
        position: relative;
        box-shadow: 1px 1px 3px rgba(0,0,0, 0.25);

        margin-left: -{xen:calc '{xen:property content.padding-right} + 5'}px;
    }
    .UserOffline
    {
        font-weight: bold;
        font-size: 10px;
        color: #ffffff;
        background: #ff3333;
        padding: 1px 5px;
        margin: -5px -5px 5px 5px;
        border: 1px solid #993333;
        border-radius: 3px;
        border-top-right-radius: 0px;
        display: block;
        float: right;
        position: relative;
        box-shadow: 1px 1px 3px rgba(0,0,0, 0.25);

        margin-left: -{xen:calc '{xen:property content.padding-right} + 5'}px;
    }
    .UserOnlineInvisible
    {
        font-weight: bold;
        font-size: 10px;
        color: #ffffff;
        background: #ff66ff;
        padding: 1px 5px;
        margin: -5px -5px 5px 5px;
        border: 1px solid #990066;
        border-radius: 3px;
        border-top-right-radius: 0px;
        display: block;
        float: right;
        position: relative;
        box-shadow: 1px 1px 3px rgba(0,0,0, 0.25);

        margin-left: -{xen:calc '{xen:property content.padding-right} + 5'}px;
    }

        .UserOnline span
        {
            background-color: #006600;
            border-top-right-radius: 3px;
            position: absolute;
            top: -4px;
            right: -1px;
            width: 5px;
            height: 4px;
        }
        .UserOffline span
        {
            background-color: #993333;
            border-top-right-radius: 3px;
            position: absolute;
            top: -4px;
            right: -1px;
            width: 5px;
            height: 4px;
        }
        .UserOnlineInvisible span
        {
            background-color: #990066;
            border-top-right-radius: 3px;
            position: absolute;
            top: -4px;
            right: -1px;
            width: 5px;
            height: 4px;
        }]]></template>
    <template title="footer" addon_id="XenForo" version_id="1010270" version_string="1.1.2"><![CDATA[<xen:edithint template="footer.css" />

<xen:hook name="footer">
<div class="footer">
	<div class="pageWidth">
		<div class="pageContent">
			
			
			<ul class="footerLinks">
			<xen:hook name="footer_links">
				<xen:if is="{$xenOptions.contactUrl.type} === 'default'">
					<li><a href="{xen:link 'misc/contact'}" class="OverlayTrigger" data-overlayOptions="{&quot;fixed&quot;:false}">{xen:phrase contact_us}</a></li>
				<xen:elseif is="{$xenOptions.contactUrl.type} === 'custom'" />
					<li><a href="{$xenOptions.contactUrl.custom}" {xen:if {$xenOptions.contactUrl.overlay}, 'class="OverlayTrigger" data-overlayOptions="{&quot;fixed&quot;:false}"'}>{xen:phrase contact_us}</a></li>
				</xen:if>
				<xen:if is="{$homeLink}"><li><a href="{$homeLink}">{xen:phrase home}</a></li></xen:if>
				<li><a href="{$requestPaths.requestUri}#navigation">{xen:phrase go_to_top}</a></li>
				<li><a href="{xen:link forums/-/index.rss}" rel="alternate" class="globalFeed" target="_blank"
					title="{xen:phrase rss_feed_for_x, 'title={$xenOptions.boardTitle}'}">{xen:phrase rss}</a></li>
			</xen:hook>
			</ul>
			
			<span class="helper"></span>
		</div>
	</div>
</div>

<div class="quangcao">
<script src="http://damme.vn/textlink.js" language="javascript" type="text/javascript"></script>, 
</div>
<div class="footerLegal">
	<div class="pageWidth">
		<div class="pageContent">
				
			<xen:if is="{$debugMode}">
				<xen:if hascontent="true">
					<dl class="pairsInline" title="{$controllerName}-&gt;{$controllerAction}{xen:if $viewName, ' ({$viewName})'}">
					<xen:contentcheck>
						<xen:if is="{$page_time}"><dt>{xen:phrase timing}:</dt> <dd><a href="{$debug_url}">{xen:phrase x_seconds, 'time={xen:number $page_time, 4}'}</a></dd></xen:if>
						<xen:if is="{$memory_usage}"><dt>{xen:phrase memory}:</dt> <dd>{xen:phrase x_mb, 'size={xen:number {xen:calc "{$memory_usage} / 1024 / 1024"}, 3}'}</dd></xen:if>
						<xen:if is="{$db_queries}"><dt>{xen:phrase db_queries}:</dt> <dd>{xen:number {$db_queries}}</dd></xen:if>
					</xen:contentcheck>
					</dl>
				</xen:if>
			</xen:if>
			
			
		</div>
	</div>	
</div>
</xen:hook>]]></template>
    <template title="footer.css" addon_id="XenForo" version_id="1010270" version_string="1.1.2"><![CDATA[.footer .pageContent
{
	{xen:property footer}
}
	
	.footer a,
	.footer a:visited
	{
		{xen:property footerLink}
	}
	
		.footer a:hover,
		.footer a:active
		{
			{xen:property footerLinkHover}
		}

	.footer .choosers
	{
		{xen:property footerLeftBlock}
	}
	
		.footer .choosers dt
		{
			display: none;
		}
		
		.footer .choosers dd
		{
			float: left;
			<xen:if is="{$pageIsRtl}">*display: inline; *float: none; *zoom: 1;</xen:if>
		}
		
	.footerLinks
	{
		{xen:property footerRightBlock}
	}
	
		.footerLinks li
		{
			float: left;
			<xen:if is="{$pageIsRtl}">*display: inline; *float: none; *zoom: 1;</xen:if>
		}
		
			.footerLinks a.globalFeed
			{
    background: url("styles/xensplash/xenforo/xenforo-ui-sprite.png") no-repeat scroll -112px -16px transparent;
    display: block;
    height: 14px;
    margin: 5px;
    padding: 0;
    text-indent: -9999px;
    white-space: nowrap;
    width: 14px
			}

.footerLegal .pageContent
{
	font-size: 11px;
	overflow: hidden; zoom: 1;
	padding: 5px 0 15px;
	text-align: center;
}
	
	#copyright
	{
		color: rgb(100,100,100);
		float: left;
	}
	
	#legal
	{
		float: right;
	}
	
		#legal li
		{
			float: left;
			<xen:if is="{$pageIsRtl}">*display: inline; *float: none; *zoom: 1;</xen:if>
			margin-left: 10px;
		}]]></template>
    <template title="message_user_online" addon_id="OnlineStatus" version_id="3" version_string="1.1"><![CDATA[<span class="{$userStatus.class}"><span class="firstSpan"></span><span class="secondSpan"></span>{$userStatus.text}</span>]]></template>
    <template title="navigation" addon_id="XenForo" version_id="1010270" version_string="1.1.2"><![CDATA[<xen:edithint template="navigation.css" />

<div id="navigation" class="pageWidth">
	<div class="pageContent">
		<nav>

<div class="navTabs">
	<ul class="publicTabs">
	
		<!-- home -->
		<xen:if is="{$showHomeLink}">
			<li class="navTab home PopupClosed"><a href="{$homeLink}" class="navLink">{xen:phrase home}</a></li>
		</xen:if>
		
		
		<!-- extra tabs: home -->
		<xen:if is="{$extraTabs.home}">
		<xen:foreach loop="$extraTabs.home" key="$extraTabId" value="$extraTab">
			<xen:if is="{$extraTab.linksTemplate}">
				<li class="navTab {$extraTabId} {xen:if $extraTab.selected, 'selected', 'Popup PopupControl PopupClosed'}">
			
				<a href="{$extraTab.href}" class="navLink">{$extraTab.title}</a>
				<a href="{$extraTab.href}" class="SplitCtrl" rel="Menu"></a>
				
				<div class="{xen:if {$extraTab.selected}, 'tabLinks', 'Menu JsOnly tabMenu'}">
					<div class="primaryContent menuHeader">
						<h3>{$extraTab.title}</h3>
						<div class="muted">{xen:phrase quick_links}</div>
					</div>
					{xen:raw $extraTab.linksTemplate}
				</div>
			</li>
			<xen:else />
				<li class="navTab {$extraTabId} {xen:if $extraTab.selected, 'selected', 'PopupClosed'}">
					<a href="{$extraTab.href}" class="navLink">{$extraTab.title}</a>
					<xen:if is="{$extraTab.selected}"><div class="tabLinks"></div></xen:if>
				</li>
			</xen:if>
		</xen:foreach>
		</xen:if>
		
		
		<!-- forums -->
		<xen:if is="{$tabs.forums}">
			<li class="navTab forums {xen:if $tabs.forums.selected, 'selected', 'Popup PopupControl PopupClosed'}">
			
				<a href="{$tabs.forums.href}" class="navLink">{$tabs.forums.title}</a>
				<a href="{$tabs.forums.href}" class="SplitCtrl" rel="Menu"></a>
				
				<div class="{xen:if {$tabs.forums.selected}, 'tabLinks', 'Menu JsOnly tabMenu'}">
					<div class="primaryContent menuHeader">
						<h3>{$tabs.forums.title}</h3>
						<div class="muted">{xen:phrase quick_links}</div>
					</div>
					<ul class="secondaryContent blockLinksList">
					<xen:hook name="navigation_tabs_forums">
						
						<xen:if is="{$visitor.user_id}"><li><a href="{xen:link 'watched/threads'}">{xen:phrase watched_threads}</a></li></xen:if>
						<li><a href="{xen:link 'find-new/threads'}">{xen:phrase whats_new}</a></li>
					</xen:hook>
					</ul>
				</div>
			</li>
		</xen:if>
		
		
		<!-- extra tabs: middle -->
		<xen:if is="{$extraTabs.middle}">
		<xen:foreach loop="$extraTabs.middle" key="$extraTabId" value="$extraTab">
			<xen:if is="{$extraTab.linksTemplate}">
				<li class="navTab {$extraTabId} {xen:if $extraTab.selected, 'selected', 'Popup PopupControl PopupClosed'}">
			
				<a href="{$extraTab.href}" class="navLink">{$extraTab.title}</a>
				<a href="{$extraTab.href}" class="SplitCtrl" rel="Menu"></a>
				
				<div class="{xen:if {$extraTab.selected}, 'tabLinks', 'Menu JsOnly tabMenu'}">
					<div class="primaryContent menuHeader">
						<h3>{$extraTab.title}</h3>
						<div class="muted">{xen:phrase quick_links}</div>
					</div>
					{xen:raw $extraTab.linksTemplate}
				</div>
			</li>
			<xen:else />
				<li class="navTab {$extraTabId} {xen:if $extraTab.selected, 'selected', 'PopupClosed'}">
					<a href="{$extraTab.href}" class="navLink">{$extraTab.title}</a>
					<xen:if is="{$extraTab.selected}"><div class="tabLinks"></div></xen:if>
				</li>
			</xen:if>
		</xen:foreach>
		</xen:if>
		
		
		<!-- members -->
		<xen:if is="{$tabs.members}">
			<li class="navTab members {xen:if $tabs.members.selected, 'selected', 'Popup PopupControl PopupClosed'}">
			
				<a href="{$tabs.members.href}" class="navLink">{$tabs.members.title}</a>
				<a href="{$tabs.members.href}" class="SplitCtrl" rel="Menu"></a>
				
				<div class="{xen:if {$tabs.members.selected}, 'tabLinks', 'Menu JsOnly tabMenu'}">
					<div class="primaryContent menuHeader">
						<h3>{$tabs.members.title}</h3>
						<div class="muted">{xen:phrase quick_links}</div>
					</div>
					<ul class="secondaryContent blockLinksList">
					<xen:hook name="navigation_tabs_members">
						<li><a href="{xen:link members}">{xen:phrase registered_members}</a></li>
						<li><a href="{xen:link online}">{xen:phrase current_visitors}</a></li>
						<xen:if is="{$xenOptions.enableNewsFeed}"><li><a href="{xen:link recent-activity}">{xen:phrase recent_activity}</a></li></xen:if>
					</xen:hook>
					</ul>
				</div>
			</li>
		</xen:if>		
		
		<!-- help -->
		<xen:if is="{$tabs.help}">
			<li class="navTab help {xen:if $tabs.help.selected, 'selected', 'Popup PopupControl PopupClosed'}">
			
				<a href="{$tabs.help.href}" class="navLink" rel="help">{$tabs.help.title}</a>
				<a href="{$tabs.help.href}" class="SplitCtrl" rel="Menu"></a>
				
				<div class="{xen:if {$tabs.help.selected}, 'tabLinks', 'Menu JsOnly tabMenu'}">
					<div class="primaryContent menuHeader">
						<h3>{$tabs.help.title}</h3>
						<div class="muted">{xen:phrase quick_links}</div>
					</div>
					<ul class="secondaryContent blockLinksList">
					<xen:hook name="navigation_tabs_help">
						<li><a href="{xen:link help/smilies}">{xen:phrase smilies}</a></li>
						<li><a href="{xen:link help/bb-codes}">{xen:phrase bb_codes}</a></li>
						<li><a href="{xen:link help/trophies}">{xen:phrase trophies}</a></li>
					</xen:hook>
					</ul>
				</div>
			</li>
		</xen:if>
		
		
		<!-- extra tabs: end -->
		<xen:if is="{$extraTabs.end}">
		<xen:foreach loop="$extraTabs.end" key="$extraTabId" value="$extraTab">
			<xen:if is="{$extraTab.linksTemplate}">
				<li class="navTab {$extraTabId} {xen:if $extraTab.selected, 'selected', 'Popup PopupControl PopupClosed'}">
			
				<a href="{$extraTab.href}" class="navLink">{$extraTab.title}</a>
				<a href="{$extraTab.href}" class="SplitCtrl" rel="Menu"></a>
				
				<div class="{xen:if {$extraTab.selected}, 'tabLinks', 'Menu JsOnly tabMenu'}">
					<div class="primaryContent menuHeader">
						<h3>{$extraTab.title}</h3>
						<div class="muted">{xen:phrase quick_links}</div>
					</div>
					{xen:raw $extraTab.linksTemplate}
				</div>
			</li>
			<xen:else />
				<li class="navTab {$extraTabId} {xen:if $extraTab.selected, 'selected', 'PopupClosed'}">
					<a href="{$extraTab.href}" class="navLink">{$extraTab.title}</a>
					<xen:if is="{$extraTab.selected}"><div class="tabLinks"></div></xen:if>
				</li>
			</xen:if>
		</xen:foreach>
		</xen:if>
		
		
		<!-- no selection -->
		<xen:if is="!{$selectedTab}">
			<li class="navTab selected"><div class="tabLinks"></div></li>
		</xen:if>
		
	</ul>
	
	<xen:if is="{$visitor.user_id}"><xen:include template="navigation_visitor_tab" /></xen:if>
</div>

<span class="helper"></span>
			
		</nav>	
	</div>
</div>]]></template>
    <template title="navigation.css" addon_id="XenForo" version_id="1010270" version_string="1.1.2"><![CDATA[#navigation .pageContent {
    height: 94px;
    position: relative;
}
.navTabs {
    background-image: url("styles/xensplash/style/nav_main.png");
    background-position: 100% 0;
    background-repeat: repeat-y;
    font-size: 12px;
    height: 46px;
}
.navTabs .publicTabs {
    float: left;
}
.navTabs .visitorTabs {
    float: right;
}
.navTabs .navTab {
    float: left;
    white-space: nowrap;
    word-wrap: normal;
}
.navTabs .navLink, .navTabs .SplitCtrl {
    display: block;
    float: left;
    height: 46px;
    line-height: 46px;
    outline: 0 none;
    text-align: center;
    vertical-align: text-bottom;
}
.navTabs .publicTabs .navLink {
    padding: 0 15px;
}
.navTabs .visitorTabs .navLink {
    padding: 0 10px;
}
.navTabs .navLink:hover {
    text-decoration: none;
}
.navTabs .navTab.PopupClosed .navLink {
    color: #96BBCF;
}
.navTabs .navTab.PopupClosed:hover {
    background-color: #126E98;
}
.navTabs .navTab.PopupClosed .navLink:hover {
    color: #FFFFFF;
}
.navTabs .navTab.PopupClosed .arrowWidget {
    background-position: -64px 0;
}
.navTabs .navTab.PopupClosed .SplitCtrl {
    margin-left: -14px;
    width: 14px;
}
.navTabs .navTab.PopupClosed:hover .SplitCtrl {
    background: url("styles/xensplash/xenforo/xenforo-ui-sprite.png") no-repeat scroll -128px 15.5px transparent;
}
.navTabs .navTab.selected .navLink {
    background-image: url("styles/xensplash/style/subnav_main.png");
    background-repeat: repeat;
    color: #FFFFFF;
    font-weight: bold;
}
.navTabs .navTab.selected .SplitCtrl {
    display: none;
}
.navTabs .navTab.selected .arrowWidget {
    background-position: -32px 0;
}
.navTabs .navTab.selected.PopupOpen .arrowWidget {
    background-position: -16px 0;
}
.navTabs .navTab.PopupOpen .navLink {
}
.navTabs .navTab.selected.PopupOpen .navLink {
    background: url("styles/xensplash/xenforo/gradients/tab-unselected-25px-light.png") repeat-x scroll center top #285E8D;
    border-radius: 3px 3px 0 0;
    box-shadow: 0 5px 5px rgba(0, 0, 0, 0.5);
    color: #FFFFFF !important;
}
.navTabs .navTab.selected .tabLinks {
    background-image: url("styles/xensplash/style/subnav_main.png");
    background-position: 0 -46px;
    background-repeat: repeat;
    border: medium none;
    height: 46px;
    left: 0;
    overflow: hidden;
    padding: 0;
    position: absolute;
    top: 48px;
    width: 100%;
}
.navTabs .navTab.selected .blockLinksList {
    background: none repeat scroll 0 0 transparent;
    border: medium none;
    padding: 0;
}
.navTabs .navTab.selected .tabLinks .menuHeader {
    display: none;
}
.navTabs .navTab.selected .tabLinks li {
    float: left;
    padding: 2px 0;
}
.navTabs .navTab.selected .tabLinks li:first-child {
    margin-left: 8px;
}
.navTabs .navTab.selected .tabLinks a {
    color: #FFFFFF;
    display: block;
    font-size: 11px;
    line-height: 40px;
    margin-top: 6px;
    padding: 1px 10px;
}
.navTabs .navTab.selected .tabLinks a:hover, .navTabs .navTab.selected .tabLinks a:focus {
    background-color: #114545;
    border: 1px solid #114545;
    border-radius: 5px 5px 5px 5px;
    color: #21BC9F;
    outline: 0 none;
    padding: 0 9px;
    text-decoration: none;
}
.navTabs .navLink .itemCount {
    background-color: #E03030;
    border-radius: 2px 2px 2px 2px;
    box-shadow: 2px 2px 5px rgba(0, 0, 0, 0.25);
    color: white;
    font-size: 9px;
    font-weight: bold;
    height: 16px;
    line-height: 16px;
    min-width: 12px;
    padding: 0 2px;
    position: absolute;
    right: 2px;
    text-align: center;
    text-shadow: none;
    top: -12px;
    white-space: nowrap;
    word-wrap: normal;
}
.navTabs .navLink .itemCount .arrow {
    -moz-border-bottom-colors: none;
    -moz-border-image: none;
    -moz-border-left-colors: none;
    -moz-border-right-colors: none;
    -moz-border-top-colors: none;
    border-color: #E03030 transparent black;
    border-left: 3px solid transparent;
    border-right: 3px solid transparent;
    border-style: solid solid none;
    border-width: 3px 3px 1px;
    bottom: -3px;
    height: 0;
    line-height: 0;
    position: absolute;
    right: 4px;
    text-shadow: none;
    width: 0;
}
.navTabs .navLink .itemCount.Zero {
    display: none;
}
.navTabs .navTab.account .navLink {
    font-weight: bold;
}
#AccountMenu {
    width: 274px;
}
#AccountMenu .menuHeader {
    position: relative;
}
#AccountMenu .menuHeader .avatar {
    float: left;
    margin-right: 10px;
}
#AccountMenu .menuHeader .visibilityForm {
    color: #126E98;
    margin-top: 10px;
}
#AccountMenu .menuHeader .links .fl {
    bottom: 10px;
    left: 116px;
    position: absolute;
}
#AccountMenu .menuHeader .links .fr {
    bottom: 10px;
    position: absolute;
    right: 10px;
}
#AccountMenu .menuColumns {
    overflow: hidden;
    padding: 2px;
}
#AccountMenu .menuColumns ul {
    float: left;
    max-height: none;
    overflow: hidden;
    padding: 0;
}
#AccountMenu .menuColumns a, #AccountMenu .menuColumns label {
    width: 115px;
}
#AccountMenu .statusPoster textarea {
    margin: 0;
    overflow: hidden;
    resize: vertical;
    width: 245px;
}
#AccountMenu .statusPoster .submitUnit {
    margin-top: 5px;
    text-align: right;
}
#AccountMenu .statusPoster .submitUnit .statusEditorCounter {
    float: left;
    height: 23px;
    line-height: 23px;
}
.navPopup {
    width: 260px;
}
.navPopup a:hover, .navPopup .listItemText a:hover {
    background: none repeat scroll 0 0 transparent;
    text-decoration: underline;
}
.navPopup .menuHeader .InProgress {
    display: block;
    float: right;
    height: 20px;
    width: 20px;
}
.navPopup .listPlaceholder {
    max-height: 350px;
    overflow: auto;
}
.navPopup .listPlaceholder ol.secondaryContent {
    padding: 0 10px;
}
.navPopup .listPlaceholder ol.secondaryContent.Unread {
    background-color: #FFFFC8;
}
.navPopup .listItem {
    border-bottom: 1px solid #D6F0FF;
    overflow: hidden;
    padding: 5px 0;
}
.navPopup .listItem:last-child {
    border-bottom: medium none;
}
.navPopup .PopupItemLinkActive:hover {
    background-color: #D6F0FF;
    border-radius: 5px 5px 5px 5px;
    cursor: pointer;
    margin: 0 -8px;
    padding: 5px 8px;
}
.navPopup .avatar {
    float: left;
}
.navPopup .avatar img {
    height: 32px;
    width: 32px;
}
.navPopup .listItemText {
    margin-left: 37px;
}
.navPopup .listItemText .muted {
    font-size: 9px;
}
.navPopup .unread .listItemText .title, .navPopup .listItemText .subject {
    font-weight: bold;
}
.navPopup .sectionFooter .floatLink {
    float: right;
}]]></template>
    <template title="node_list" addon_id="XenForo" version_id="1010270" version_string="1.1.2"><![CDATA[<xen:require css="node_list.css" />

<xen:if hascontent="true">
<fieldset>
	<ol class="nodeList" id="forums">
	<xen:contentcheck>
		<xen:foreach loop="$renderedNodes" value="$node">{xen:raw $node}</xen:foreach>
	</xen:contentcheck>
	</ol>
	
	<xen:if is="{$newDiscussionButton}"><div class="nodeListNewDiscussionButton">{xen:raw $newDiscussionButton}</div></xen:if>
</fieldset>
</xen:if>

<xen:edithint template="node_category.css" />
<xen:edithint template="node_category_level_1" />
<xen:edithint template="node_category_level_2" />
<xen:edithint template="node_category_level_n" />

<xen:edithint template="node_forum.css" />
<xen:edithint template="node_forum_level_1" />
<xen:edithint template="node_forum_level_2" />
<xen:edithint template="node_forum_level_n" />

<xen:edithint template="node_page.css" />
<xen:edithint template="node_page_level_1" />
<xen:edithint template="node_page_level_2" />
<xen:edithint template="node_page_level_n" />

<xen:edithint template="node_link.css" />
<xen:edithint template="node_link_level_1" />
<xen:edithint template="node_link_level_2" />
<xen:edithint template="node_link_level_n" />]]></template>
    <template title="node_list.css" addon_id="XenForo" version_id="1010270" version_string="1.1.2"><![CDATA[.nodeList {
}
.nodeList .node {
    vertical-align: bottom;
}
.nodeList .node.level_1 {
    margin-bottom: 20px;
}
.nodeList .node.level_1:last-child {
    margin-bottom: 0;
}
.nodeList .node.groupNoChildren + .node.groupNoChildren {
    margin-top: -20px;
}
.node .nodeInfo {
    overflow: hidden;
    position: relative;
}
.node .nodeInfo.primaryContent, .node .nodeInfo.secondaryContent {
    padding: 0;
    background: #FFFFFF;
}
.node .nodeIcon {
    float: left;
    height: 30px;
    margin: 10px 0 10px 10px;
    width: 50px;
}
.node .forumNodeInfo .nodeIcon, .node .categoryForumNodeInfo .nodeIcon {
    background-image: url("styles/xensplash/xenforo/node-sprite.png");
    background-position: 0 0;
    background-repeat: no-repeat;
}
.node .forumNodeInfo.unread .nodeIcon, .node .categoryForumNodeInfo.unread .nodeIcon {
    background-image: url("styles/xensplash/xenforo/node-sprite.png");
    background-position: -50px 0;
    background-repeat: no-repeat;
}
.node .pageNodeInfo .nodeIcon {
    background-image: url("styles/xensplash/xenforo/node-sprite.png");
    background-position: -150px 0;
    background-repeat: no-repeat;
}
.node .linkNodeInfo .nodeIcon {
    background-image: url("styles/xensplash/xenforo/node-sprite.png");
    background-position: -100px 0;
    background-repeat: no-repeat;
}
.node .nodeText {
    margin: 10px 270px 10px 74px;
}
.node .nodeTitle {
    font-size: 12pt;
}
.node .unread .nodeTitle {
    font-weight: bold;
}
.node .nodeDescription {
    font-size: 11px;
}
.hasJs .node .nodeDescriptionTooltip {
    display: none;
}
.Touch .node .nodeDescriptionTooltip {
    display: block;
}
.node .nodeStats {
    font-size: 11px;
    margin-top: 2px;
}
.node .nodeLastPost {
    background: none repeat scroll 0 0 transparent;
    border: 1px none #D6F0FF;
    font-size: 11px;
    height: 28px;
    line-height: 14px;
    margin: 10px;
    overflow: hidden;
    padding: 3px 10px;
    position: absolute;
    right: 0;
    top: 0;
    white-space: nowrap;
    width: 210px;
    word-wrap: normal;
}
.node .nodeLastPost .lastThreadMeta {
    display: block;
}
.node .nodeLastPost .noMessages {
    line-height: 28px;
}
.node .nodeControls {
    margin: 20px 0;
    position: absolute;
    right: 240px;
    top: 0;
}
.node .tinyIcon {
    background: url("styles/xensplash/xenforo/xenforo-ui-sprite.png") no-repeat scroll -112px -16px transparent;
    display: block;
    height: 14px;
    margin: 1px 4px;
    opacity: 0.25;
    overflow: hidden;
    text-indent: 9999px;
    white-space: nowrap;
    width: 14px;
}
.node .nodeInfo:hover .tinyIcon[href], .Touch .node .tinyIcon {
    opacity: 1;
}
.nodeDescriptionTip {
    height: auto;
    line-height: 1.5;
    margin-top: -22px;
    padding: 4px 10px;
    width: 350px;
}
.nodeDescriptionTip .arrow {
    -moz-border-bottom-colors: none;
    -moz-border-image: none;
    -moz-border-left-colors: none;
    -moz-border-right-colors: none;
    -moz-border-top-colors: none;
    border-color: transparent rgba(0, 0, 0, 0.6) transparent black;
    border-style: solid solid solid none;
    border-width: 6px 6px 6px 1px;
    bottom: auto;
    left: -6px;
    top: 6px;
}
.nodeList .categoryForumNodeInfo, .nodeList .forumNodeInfo, .nodeList .pageNodeInfo, .nodeList .linkNodeInfo {
    background-color: #FFFFFF;
    border-bottom: 1px solid #D6F0FF;
    padding: 0;
}
/* category strip - used for L1 categories and group headers */

.nodeList .categoryStrip
{
    -moz-border-bottom-colors: none;
    -moz-border-image: none;
    -moz-border-left-colors: none;
    -moz-border-right-colors: none;
    -moz-border-top-colors: none;
    background-color: #FFFFFF;
    border-color: #FFFFFF;
    border-radius: 0px 0px 0px 0px;
    border-style: solid;
    border-width: 1px;
    color: #03446D;
    font-size: 11px;
    margin: 0;
    min-height: 6px;
    padding: 5px 10px;
}

.nodeList .categoryStrip .nodeTitle
{
		{xen:property categoryStripTitle}
}
	
.nodeList .categoryStrip .nodeTitle a
{
			color: {xen:property categoryStripTitle.color};
}

.nodeList .categoryStrip .nodeDescription
{
		{xen:property categoryStripDescription}
}
	
.nodeList .categoryStrip .nodeDescription a
{
			color: {xen:property categoryStripDescription.color};
}
.nodeList .node.groupNoChildren + .node.groupNoChildren .categoryStrip {
    display: none;
}
.nodeStats {
    overflow: hidden;
}
.nodeStats dl, .subForumsPopup {
    display: block;
    float: left;
    margin-right: 3px;
}
.subForumsPopup a.PopupControl {
    padding-left: 5px;
    padding-right: 5px;
}
.subForumsPopup .dt {
    color: #969696;
}
.subForumsPopup .PopupOpen .dt {
    color: #141414;
}
.subForumsMenu .node .node {
    padding-left: 10px;
}
.subForumsMenu .node .nodeTitle {
    font-size: 11px;
}
.nodeListNewDiscussionButton {
    margin-top: 10px;
    text-align: right;
}]]></template>
    <template title="PAGE_CONTAINER" addon_id="XenForo" version_id="1010270" version_string="1.1.2"><![CDATA[<!DOCTYPE html>
<html id="XenForo" lang="{$visitorLanguage.language_code}" dir="{$visitorLanguage.text_direction}" class="Public {xen:if {$visitor.user_id}, 'LoggedIn', 'LoggedOut'} {xen:if {$sidebar}, 'Sidebar', 'NoSidebar'}" xmlns:fb="http://www.facebook.com/2008/fbml">
<head>
<xen:hook name="page_container_head">
	<meta charset="utf-8" />
	<xen:if is="{$requestPaths.fullBasePath}">
		<base href="{$requestPaths.fullBasePath}" />
		<script><xen:comment>/* Chrome bug and for Google cache */</xen:comment>
			var _b = document.getElementsByTagName('base')[0], _bH = "{xen:jsescape $requestPaths.fullBasePath}";
			if (_b && _b.href != _bH) _b.href = _bH;
		</script>
	</xen:if>

	<title><xen:if is="{$title}">{xen:raw $title} | {$xenOptions.boardTitle}<xen:else />{$xenOptions.boardTitle}</xen:if></title>
	
	<noscript><style>.JsOnly { display: none !important; }</style></noscript>
	<link rel="stylesheet" href="css.php?css=xenforo,form,public&amp;style={xen:urlencode $_styleId}&amp;dir={$visitorLanguage.text_direction}&amp;d={$visitorStyle.last_modified_date}" />
	<!--XenForo_Require:CSS-->	
	{xen:helper ignoredCss, {$visitor.ignoredUsers}}

	<xen:include template="google_analytics" />
	<xen:include template="page_container_js_head" />
	
	<link rel="alternate" type="application/rss+xml" title="{xen:phrase rss_feed_for_x, 'title={$xenOptions.boardTitle}'}" href="{xen:link forums/-/index.rss}" />
	<xen:if is="{$pageDescription.content} AND !{$pageDescription.skipmeta} AND !{$head.description}"><meta name="description" content="{xen:string wordTrim, {xen:helper stripHtml, {xen:raw $pageDescription.content}}, 200}" /></xen:if>
	<xen:if is="{$head}"><xen:foreach loop="$head" value="$headElement">{xen:raw $headElement}</xen:foreach></xen:if>
</xen:hook>
</head>

<body{xen:if {$bodyClasses}, ' class="{$bodyClasses}"'}>
<xen:hook name="body">

<xen:if is="{$visitor.is_moderator} || {$visitor.is_admin}">
	<xen:include template="moderator_bar" />
<xen:elseif is="!{$visitor.user_id} && !{$hideLoginBar}" />
	<xen:include template="login_bar" />
</xen:if>

<div id="headerMover">
	<div id="headerProxy"></div>

<div id="content" class="{$contentTemplate}">
	<div class="pageWidth">
		<div class="pageContent">
			<!-- main content area -->
			
			<xen:hook name="page_container_content_top" />
			
			<xen:if is="{$sidebar}">
				<div class="mainContainer">
					<div class="mainContent"></xen:if>
						
						<xen:include template="ad_above_top_breadcrumb" />
						
						<xen:hook name="page_container_breadcrumb_top">
						<div class="breadBoxTop">
							<xen:if is="{$topctrl}"><div class="topCtrl">{xen:raw $topctrl}</div></xen:if>
							<xen:include template="breadcrumb"><xen:set var="$microdata">1</xen:set></xen:include>
						</div>
						</xen:hook>
						
						<xen:include template="ad_below_top_breadcrumb" />
					
						<xen:hook name="page_container_notices">
						<xen:include template="notices" />						
						</xen:hook>
						
						<xen:hook name="page_container_content_title_bar">
						<xen:if is="!{$noH1}">						
							<!-- h1 title, description -->
							<div class="titleBar">
								{xen:raw $beforeH1}
								<h1><xen:if
									is="{$h1}">{xen:raw $h1}<xen:elseif
									is="{$title}" />{xen:raw $title}<xen:else
									/>{$xenOptions.boardTitle}</xen:if></h1>
								
								<xen:if is="{$pageDescription.content}"><p id="pageDescription" class="muted {$pageDescription.class}">{xen:raw $pageDescription.content}</p></xen:if>
							</div>
						</xen:if>
						</xen:hook>
						
						<xen:include template="ad_above_content" />
						
						<!-- main template -->
						{xen:raw $contents}
						
						<xen:include template="ad_below_content" />
						
						<xen:if is="!{$visitor.user_id} && !{$hideLoginBar}">
							<!-- login form, to be moved to the upper drop-down -->
							<xen:include template="login_bar_form" />
						</xen:if>
						
					<xen:if is="{$sidebar}"></div>
				</div>
				
				<!-- sidebar -->
				<aside>
					<div class="sidebar">
						<xen:hook name="page_container_sidebar">
						<xen:include template="ad_sidebar_top" />
						<xen:if is="!{$noVisitorPanel}"><xen:include template="sidebar_visitor_panel" /></xen:if>
						{xen:raw $sidebar}
						<xen:include template="ad_sidebar_bottom" />
						</xen:hook>
					</div>
				</aside>
			</xen:if>
			
			<xen:hook name="page_container_breadcrumb_bottom">			
			<div class="breadBoxBottom"><xen:include template="breadcrumb" /></div>
			</xen:hook>
						
			<xen:include template="ad_below_bottom_breadcrumb" />
						
		</div>
	</div>
</div>

<header>
	<xen:include template="header" />
	<xen:edithint template="navigation" />
	<xen:edithint template="search_bar" />
</header>

</div>

<footer>
	<xen:include template="footer" />
</footer>

<xen:include template="page_container_js_body" />

<xen:if is="{$cronLink}"><img src="{$cronLink}" width="1" height="1" alt="" style="display: none" /></xen:if>

</xen:hook>
</body>
</html>]]></template>
    <template title="page_nav.css" addon_id="XenForo" version_id="1010270" version_string="1.1.2"><![CDATA[.PageNav {
    font-size: 11px;
    line-height: 16px;
    overflow: hidden;
    padding: 2px 0;
    word-wrap: normal;
}
.PageNav .pageNavHeader, .PageNav a, .PageNav .scrollable {
    display: block;
    float: left;
    margin-right: 3px;
}
.PageNav .pageNavHeader {
    padding: 1px 0;
}
.PageNav a {
    border: 1px solid transparent;
    border-radius: 3px 3px 3px 3px;
    text-align: center;
    text-decoration: none;
    width: 19px;
}
.PageNav a[rel="start"] {
    width: 19px !important;
}
.PageNav a.text {
    padding: 0 4px;
    width: auto !important;
}
.PageNav a {
    background-color: #EFF9FC;
    border-color: #C3DCEB;
    color: #3F708F;
}
.PageNav a.currentPage {
    background-color: #FDFEFF;
    border-color: #285E8D;
    color: #154C60;
    position: relative;
}
a.PageNavPrev, a.PageNavNext {
    background-color: transparent;
    border: 1px none black;
    color: #141414;
    cursor: pointer;
    padding: 1px;
    width: 19px !important;
}
.PageNav a:hover, .PageNav a:focus {
    background-color: #C3DCEB;
    border-color: #B9DCF1;
    color: #3F708F;
    text-decoration: none;
}
.PageNav a.distinct {
    margin-left: 3px;
}
.PageNav .scrollable {
    height: 18px;
    overflow: hidden;
    position: relative;
    width: 117px;
}
.PageNav .scrollable .items {
    display: block;
    position: absolute;
    width: 20000em;
}]]></template>
    <template title="public.css" addon_id="XenForo" version_id="1010270" version_string="1.1.2"><![CDATA[<xen:include template="header.css" />

<xen:include template="footer.css" />

<xen:include template="breadcrumb.css" />

<xen:include template="navigation.css" />

<xen:include template="search_bar.css" />

/** move the header to the top again **/

#headerMover
{
	position: relative;
	zoom: 1;
	/*padding-top: {xen:calc '{xen:property headerLogoHeight} + {xen:property headerTabHeight} * 2 + 2'}px;*/ /* +2 borders */
}

	#headerMover #headerProxy
	{
		{xen:property header.background}
		height: {xen:calc '{xen:property headerLogoHeight} + {xen:property headerTabHeight} * 2 + 2'}px;*/ /* +2 borders */
	}

	#headerMover #header
	{
		width: 100%;
		position: absolute;
		top: 0px;
		left: 0px;
	}


/** Generic page containers **/

.pageWidth
{
	{xen:property pageWidth}
}

#content .pageWidth
{
	background-color: {xen:property contentBackground};
	/*border-left: 1px solid {xen:property primaryLighterStill};
	border-right: 1px solid {xen:property primaryLighterStill};*/
}

#content .pageContent
{
	{xen:property content}
}

{xen:helper clearfix, '#content .pageContent'}

<xen:include template="sidebar.css" />

/** Text used in message bodies **/

.messageText
{
	{xen:property messageText}
}

/** Link groups and pagenav container **/

.pageNavLinkGroup
{
	{xen:property pageNavLinkGroup}
}

	.pageNavLinkGroup .linkGroup
	{
		float: right;
	}

.linkGroup
{
}
	
	.linkGroup a
	{
		{xen:property linkGroupLink}
	}

	.linkGroup a,
	.linkGroup .Popup
	{
		margin-left: {xen:property linkGroupLinkSpacing};
		display: block;
		float: left;
		<xen:if is="{$pageIsRtl}">*display: inline; *float: none; *zoom: 1;</xen:if>
	}
	
		.linkGroup .Popup a
		{
			margin-left: -2px;
			margin-right: -5px;
			*margin-left: {xen:property linkGroupLinkSpacing};
			padding: {xen:property linkGroupLink.padding-top} 5px;
		}

/** Call to action buttons **/

a.callToAction {
    border-radius: 6px 6px 6px 6px;
    display: inline-block;
    height: 36px;
    line-height: 36px;
    outline: 0 none;
}
a.callToAction span {
    background: url("styles/xensplash/xenforo/gradients/tab-unselected-25px-light.png") repeat-x scroll center top #285E8D;
    border-radius: 5px 5px 5px 5px;
    color: #FFFFFF !important;
    display: block;
    font-family: Calibri,'Trebuchet MS',Verdana,Geneva,Arial,Helvetica,sans-serif;
    font-size: 11px;
    font-weight: bold;
    padding: 0 15px;
}
a.callToAction:hover {
    text-decoration: none;
}
a.callToAction:hover span {
    background-color: #0F2F65;
}
a.callToAction:active {
}
a.callToAction:active span {
    background-color: #126E98;
}

/*********/

.avatarHeap
{
	overflow: hidden; zoom: 1;
}

	.avatarHeap ol
	{
		margin-right: -4px;
		margin-top: -4px;
	}
	
		.avatarHeap li
		{
			float: left;
			margin-right: 4px;
			margin-top: 4px;
		}

<xen:include template="username_styles.css" />

<xen:include template="thread_prefixes.css" />

<xen:include template="EXTRA.css" />]]></template>
    <template title="sidebar_online_users" addon_id="XenForo" version_id="1010270" version_string="1.1.2"><![CDATA[<xen:edithint template="sidebar.css" />
<xen:include template="tenshi_latest_thread"></xen:include>


<!-- block: sidebar_online_users -->
<div class="section membersOnline userList">		
	<div class="secondaryContent">
		<h3><a href="{xen:link online}" title="{xen:phrase see_all_online_users}">{xen:phrase members_online_now}</a></h3>
		
		<xen:if is="{$onlineUsers.records}">
		
			<xen:if is="{$visitor.user_id}">
				<xen:if hascontent="true">
				<h4 class="minorHeading"><a href="{xen:link account/following}">{xen:phrase people_you_follow}:</a></h4>
				<ul class="followedOnline">
					<xen:contentcheck>
						<xen:foreach loop="$onlineUsers.records" value="$user">
							<xen:if is="{$user.followed}">
								<li title="{$user.username}" class="Tooltip"><xen:avatar user="$user" size="s" img="true" class="_plainImage" /></li>
							</xen:if>
						</xen:foreach>
					</xen:contentcheck>
				</ul>
				<h4 class="minorHeading"><a href="{xen:link members}">{xen:phrase members}:</a></h4>
				</xen:if>
			</xen:if>
			
			<ol class="listInline">
				<xen:foreach loop="$onlineUsers.records" value="$user" i="$i">
					<xen:if is="{$i} <= {$onlineUsers.limit}">
						<li>
						<xen:if is="{$user.user_id}">
							<a href="{xen:link members, $user}"
								class="username{xen:if '!{$user.visible}', ' invisible'}{xen:if {$user.followed}, ' followed'}">{$user.username}</a><xen:if is="{$i} < {$onlineUsers.limit}">,</xen:if>
						<xen:else />
							{xen:phrase guest}<xen:if is="{$i} < {$onlineUsers.limit}">,</xen:if>
						</xen:if>
						</li>
					</xen:if>
				</xen:foreach>
				<xen:if is="{$onlineUsers.recordsUnseen}">
					<li class="moreLink">... <a href="{xen:link online}" title="{xen:phrase see_all_visitors}">{xen:phrase and_x_more, 'count={xen:number $onlineUsers.recordsUnseen}'}</a></li>
				</xen:if>
			</ol>
		</xen:if>
		
		<div class="footnote">
			{xen:phrase online_now_x_members_y_guests_z, 'total={xen:number $onlineUsers.total}', 'members={xen:number $onlineUsers.members}', 'guests={xen:number $onlineUsers.guests}'}
		</div>
	</div>
</div>
<!-- end block: sidebar_online_users -->
]]></template>
    <template title="xenforo_sections.css" addon_id="XenForo" version_id="1010270" version_string="1.1.2"><![CDATA[.section
{
	{xen:property section}
}

.sectionMain
{
    background-color: #FFFFFF;
    border: 1px solid #D6F0FF;
    border-radius: 10px 10px 10px 10px;
    margin: 10px auto;
    padding: 10px;
}

.heading,
.xenForm .formHeader
{
	{xen:property heading}
}

	.heading a { color: {xen:property heading.color}; }

.subHeading
{
	{xen:property subHeading}
}

	.subHeading a { color: {xen:property subHeading.color}; }

.textHeading,
.xenForm .sectionHeader
{
	{xen:property textHeading}
}

.xenForm .sectionHeader,
.xenForm .formHeader
{
	margin: 10px 0;
}

.primaryContent > .textHeading:first-child,
.secondaryContent > .textHeading:first-child
{
	margin-top: 0;
}

.larger.textHeading,
.xenForm .sectionHeader
{
	color: {xen:property primaryLighter};
	font-size: 11pt;
	margin-bottom: 6px;
}

	.larger.textHeading a,
	.xenForm .sectionHeader a
	{
		color: {xen:property primaryLighter};
	}

.primaryContent
{
	{xen:property primaryContent}
}

	.primaryContent a
	{
		{xen:property primaryContentLink}
	}

.secondaryContent
{
	{xen:property secondaryContent}
}

	.secondaryContent a
	{
		{xen:property secondaryContentLink}
	}

.sectionFooter
{
	{xen:property sectionFooter}
}

	.sectionFooter a { color: {xen:property sectionFooter.color}; }

/* used for section footers with central buttons, esp. in report viewing */

.actionList
{
	text-align: center;
}

/* left-right aligned options */

.opposedOptions
{
	overflow: hidden; zoom: 1;
}
	
	.opposedOptions .left
	{
		float: left;
	}
	
	.opposedOptions .right
	{
		float: right;
	}]]></template>
  </templates>
</style>
